,0th Order,1st Order,2nd Order
reconstruction loss,0.009650158695876598,0.004855558276176453,0.005882906727492809
tangent angle loss,0.12227528542280197,0.014078369364142418,0.020989760756492615
tangent drift alignment loss,1.086287021636963,0.6939762830734253,0.323106974363327
diffeomorphism loss,0.20224633812904358,0.2118193507194519,0.17767292261123657
diffusion loss,0.056442738,0.05662143,0.021783853
drift loss,0.0029145966,0.0021492005,0.0008484556
