,0th Order,1st Order,2nd Order
reconstruction loss,0.3619763255119324,0.22155939042568207,0.35224810242652893
tangent angle loss,1.838315486907959,1.6726536750793457,1.1837265491485596
tangent drift alignment loss,0.16029365360736847,0.1553017646074295,0.15597200393676758
diffeomorphism loss,1.7777650356292725,1.9084017276763916,1.9231436252593994
diffusion loss,0.3770924,0.0021290255,0.44463268
drift loss,0.6643222,0.2983275,0.5306899
